name,b1,L,slope,h,train_error,test_error,training_time,weights
irisnorm,1.00,0,1.00,1.00,0.1651762119794353,0.16517366748075626,0.0016958999999999998,"(array([[ 0.46838854, -0.03855411,  1.        ],
       [-0.04176139,  0.46838854, -0.48478635],
       [ 0.16611878, -0.07434725,  0.46838854]]), array([[-1.        ],
       [ 0.5112819 ],
       [ 0.45401869]]))"
